Location,Review_Date,Platform,Rating,Review_Text
MNK Baneasa,3 Jun 2026,Facebook,4,Consistently good experience every time we visit.
MNK Baneasa,8 Jun 2026,TripAdvisor,5,"Clean place, quick table turnaround, good value."
MNK Baneasa,12 Jun 2026,TripAdvisor,5,Consistently good experience every time we visit.
MNK Baneasa,15 Jun 2026,Facebook,4,"Loved the atmosphere, staff was very friendly."
MNK Baneasa,20 Jun 2026,Facebook,5,Consistently good experience every time we visit.
MNK Baneasa,21 Jun 2026,Google,5,Best burger I've had in the city.
MNK Baneasa,22 Jun 2026,Facebook,4,"Loved the atmosphere, staff was very friendly."
MNK Baneasa,24 Jun 2026,Google,5,"Loved the atmosphere, staff was very friendly."
MNK Baneasa,26 Jun 2026,TripAdvisor,5,"Loved the atmosphere, staff was very friendly."
MNK Militari,5 Jun 2026,TripAdvisor,4,"Great food and fast service, will come back."
MNK Militari,9 Jun 2026,Facebook,5,"Great food and fast service, will come back."
MNK Militari,15 Jun 2026,Google,4,"Clean place, quick table turnaround, good value."
MNK Militari,16 Jun 2026,Facebook,4,Consistently good experience every time we visit.
MNK Militari,17 Jun 2026,Facebook,5,Consistently good experience every time we visit.
MNK Militari,18 Jun 2026,Facebook,4,"Clean place, quick table turnaround, good value."
MNK Militari,21 Jun 2026,TripAdvisor,4,"Clean place, quick table turnaround, good value."
MNK Militari,23 Jun 2026,Facebook,4,Best burger I've had in the city.
MNK Militari,27 Jun 2026,TripAdvisor,4,Best burger I've had in the city.
MNK Militari,30 Jun 2026,TripAdvisor,5,"Loved the atmosphere, staff was very friendly."
MNK Vitan,5 Jun 2026,Google,5,"Clean place, quick table turnaround, good value."
MNK Vitan,7 Jun 2026,Facebook,5,"Clean place, quick table turnaround, good value."
MNK Vitan,10 Jun 2026,TripAdvisor,2,A bit overpriced for the portion size.
MNK Vitan,13 Jun 2026,TripAdvisor,5,Best burger I've had in the city.
MNK Vitan,15 Jun 2026,Facebook,4,"Clean place, quick table turnaround, good value."
MNK Vitan,20 Jun 2026,TripAdvisor,2,Asked for the bill three times before anyone came.
MNK Vitan,28 Jun 2026,TripAdvisor,2,Took forever to even get water at the table.
MNK Vitan,1 Jul 2026,TripAdvisor,3,"Waited over 40 minutes for our food, staff seemed overwhelmed."
MNK Cluj,13 Jun 2026,Facebook,4,Consistently good experience every time we visit.
MNK Cluj,15 Jun 2026,Facebook,5,"Great food and fast service, will come back."
MNK Cluj,24 Jun 2026,Google,5,"Clean place, quick table turnaround, good value."
MNK Cluj,28 Jun 2026,TripAdvisor,5,"Clean place, quick table turnaround, good value."
MNK Cluj,30 Jun 2026,TripAdvisor,5,Best burger I've had in the city.
MNK Cluj,2 Jul 2026,TripAdvisor,4,"Clean place, quick table turnaround, good value."
MNK Timisoara,3 Jun 2026,Google,4,"Loved the atmosphere, staff was very friendly."
MNK Timisoara,4 Jun 2026,Google,4,Consistently good experience every time we visit.
MNK Timisoara,5 Jun 2026,Facebook,5,"Great food and fast service, will come back."
MNK Timisoara,11 Jun 2026,TripAdvisor,3,A bit overpriced for the portion size.
MNK Timisoara,14 Jun 2026,Facebook,4,"Loved the atmosphere, staff was very friendly."
MNK Timisoara,18 Jun 2026,TripAdvisor,4,"Loved the atmosphere, staff was very friendly."
MNK Timisoara,20 Jun 2026,Facebook,4,Best burger I've had in the city.
MNK Timisoara,26 Jun 2026,Facebook,5,"Clean place, quick table turnaround, good value."
MNK Timisoara,29 Jun 2026,Facebook,4,"Great food and fast service, will come back."
