Site,Audit_Date,Checklist_Name,Score_Percent,Items_Failed
Manufaktura - Baneasa,2026-06-05,Daily Operations Checklist,95.2,1
Manufaktura - Baneasa,2026-06-09,Daily Operations Checklist,95.8,1
Manufaktura - Baneasa,2026-06-12,Daily Operations Checklist,91.7,1
Manufaktura - Baneasa,2026-06-16,Daily Operations Checklist,93.8,1
Manufaktura - Baneasa,2026-06-19,Daily Operations Checklist,92.4,1
Manufaktura - Baneasa,2026-06-23,Daily Operations Checklist,95.9,1
Manufaktura - Baneasa,2026-06-26,Daily Operations Checklist,93.2,1
Manufaktura - Baneasa,2026-06-30,Daily Operations Checklist,95.6,1
Manufaktura - Militari,2026-06-05,Daily Operations Checklist,87.7,2
Manufaktura - Militari,2026-06-09,Daily Operations Checklist,92.8,1
Manufaktura - Militari,2026-06-12,Daily Operations Checklist,88.1,2
Manufaktura - Militari,2026-06-16,Daily Operations Checklist,92.8,1
Manufaktura - Militari,2026-06-19,Daily Operations Checklist,88.6,2
Manufaktura - Militari,2026-06-23,Daily Operations Checklist,87.7,2
Manufaktura - Militari,2026-06-26,Daily Operations Checklist,89.6,2
Manufaktura - Militari,2026-06-30,Daily Operations Checklist,91.4,1
Manufaktura - Vitan,2026-06-05,Daily Operations Checklist,89.9,2
Manufaktura - Vitan,2026-06-09,Daily Operations Checklist,91.6,1
Manufaktura - Vitan,2026-06-12,Daily Operations Checklist,91.1,1
Manufaktura - Vitan,2026-06-16,Daily Operations Checklist,90.3,2
Manufaktura - Vitan,2026-06-19,Daily Operations Checklist,91.5,1
Manufaktura - Vitan,2026-06-23,Daily Operations Checklist,67.4,5
Manufaktura - Vitan,2026-06-26,Daily Operations Checklist,63.8,6
Manufaktura - Vitan,2026-06-30,Daily Operations Checklist,69.0,5
Manufaktura - Cluj,2026-06-05,Daily Operations Checklist,95.5,1
Manufaktura - Cluj,2026-06-09,Daily Operations Checklist,95.0,1
Manufaktura - Cluj,2026-06-12,Daily Operations Checklist,93.2,1
Manufaktura - Cluj,2026-06-16,Daily Operations Checklist,91.4,1
Manufaktura - Cluj,2026-06-19,Daily Operations Checklist,95.0,1
Manufaktura - Cluj,2026-06-23,Daily Operations Checklist,93.0,1
Manufaktura - Cluj,2026-06-26,Daily Operations Checklist,92.9,1
Manufaktura - Cluj,2026-06-30,Daily Operations Checklist,96.1,1
Manufaktura - Timisoara,2026-06-05,Daily Operations Checklist,90.3,2
Manufaktura - Timisoara,2026-06-09,Daily Operations Checklist,87.8,2
Manufaktura - Timisoara,2026-06-12,Daily Operations Checklist,87.9,2
Manufaktura - Timisoara,2026-06-16,Daily Operations Checklist,88.5,2
Manufaktura - Timisoara,2026-06-19,Daily Operations Checklist,88.4,2
Manufaktura - Timisoara,2026-06-23,Daily Operations Checklist,87.8,2
Manufaktura - Timisoara,2026-06-26,Daily Operations Checklist,86.8,2
Manufaktura - Timisoara,2026-06-30,Daily Operations Checklist,88.5,2
