Location,Note_Date,Author,Note
Vitan,19/06/2026,M. Popescu,"Shift lead Andreea resigned effective immediately, no replacement lined up yet."
Vitan,24/06/2026,M. Popescu,"Running short-staffed on weekend dinner shifts, pulled two people from Militari to cover."
Vitan,29/06/2026,R. Ionescu,"Guest complained in person about 45 min wait, comped the meal. Kitchen says they're behind on prep."
Militari,10/06/2026,A. Dumitrescu,"Two line cooks out sick same week, covering with overtime until new hires start training."
Militari,23/06/2026,A. Dumitrescu,"New hires fully trained and on schedule now, overtime should normalize next week."
Baneasa,18/06/2026,L. Stan,"Sudden storm mid-afternoon, terrace closed for 3 hours, lost a big chunk of walk-in traffic."
Baneasa,27/06/2026,L. Stan,"Hosted a 40-person private event Friday night, went smoothly, good upsell on drinks package."
Cluj,14/06/2026,T. Marin,"Local food blogger post is driving a lot of new walk-ins, might need to adjust weekend staffing up."
Cluj,30/06/2026,T. Marin,"Increased weekend staffing per last note's suggestion, seems to be handling the extra volume fine."
Timisoara,20/06/2026,D. Vasile,"Nothing unusual this week, business as normal."
