Store,Week_Ending,Scheduled_Hours,Actual_Hours,Labor_Cost_RON,FTE_Count
Baneasa,06/07/2026,635.0,643.1,35910.0,16.1
Baneasa,06/14/2026,632.4,641.9,36053.64,16.0
Baneasa,06/21/2026,606.9,599.4,36197.28,15.0
Baneasa,06/28/2026,612.9,633.7,36340.92,15.8
Baneasa,07/05/2026,631.0,651.0,36484.56,16.3
Militari,06/07/2026,552.9,548.8,27440.0,13.7
Militari,06/14/2026,531.9,606.3,32830.0,15.2
Militari,06/21/2026,527.1,600.9,32830.0,15.0
Militari,06/28/2026,549.1,567.2,27440.0,14.2
Militari,07/05/2026,537.0,546.2,27440.0,13.7
Vitan,06/07/2026,528.8,547.7,25515.0,13.7
Vitan,06/14/2026,551.8,573.1,24392.34,14.3
Vitan,06/21/2026,550.1,577.6,26286.12,14.4
Vitan,06/28/2026,552.4,596.5,26248.32,14.9
Vitan,07/05/2026,524.6,582.3,26085.78,14.6
Cluj,06/07/2026,486.8,486.8,20020.0,12.2
Cluj,06/14/2026,492.4,506.3,21141.12,12.7
Cluj,06/21/2026,490.5,504.5,22262.24,12.6
Cluj,06/28/2026,473.3,486.2,23383.36,12.2
Cluj,07/05/2026,468.7,483.9,24504.48,12.1
Timisoara,06/07/2026,551.6,547.9,29295.0,13.7
Timisoara,06/14/2026,550.3,554.4,29353.59,13.9
Timisoara,06/21/2026,533.7,548.5,29412.18,13.7
Timisoara,06/28/2026,531.2,521.3,29470.77,13.0
Timisoara,07/05/2026,530.1,529.9,29529.36,13.2
