Location,Date,Net_Sales_RON,Transactions,Avg_Check_RON
MANUFAKTURA BANEASA,03.06.2026,18402.33,315,58.42
MANUFAKTURA BANEASA,04.06.2026,18414.27,301,61.18
MANUFAKTURA BANEASA,05.06.2026,24570.11,364,67.5
MANUFAKTURA BANEASA,06.06.2026,28118.53,475,59.2
MANUFAKTURA BANEASA,07.06.2026,21670.78,371,58.41
MANUFAKTURA BANEASA,08.06.2026,15567.34,239,65.14
MANUFAKTURA BANEASA,09.06.2026,15141.9,249,60.81
MANUFAKTURA BANEASA,10.06.2026,18517.72,282,65.67
MANUFAKTURA BANEASA,11.06.2026,18357.1,277,66.27
MANUFAKTURA BANEASA,12.06.2026,24932.66,429,58.12
MANUFAKTURA BANEASA,13.06.2026,27930.17,412,67.79
MANUFAKTURA BANEASA,14.06.2026,21523.38,358,60.12
MANUFAKTURA BANEASA,15.06.2026,17325.97,276,62.78
MANUFAKTURA BANEASA,16.06.2026,15365.74,259,59.33
MANUFAKTURA BANEASA,17.06.2026,19110.87,288,66.36
MANUFAKTURA BANEASA,18.06.2026,11012.08,162,68.1
MANUFAKTURA BANEASA,19.06.2026,24133.86,337,71.61
MANUFAKTURA BANEASA,20.06.2026,26454.22,402,65.81
MANUFAKTURA BANEASA,21.06.2026,23141.4,347,66.69
MANUFAKTURA BANEASA,22.06.2026,17190.16,260,66.12
MANUFAKTURA BANEASA,23.06.2026,16841.68,287,58.68
MANUFAKTURA BANEASA,24.06.2026,17613.85,284,62.02
MANUFAKTURA BANEASA,25.06.2026,18153.56,296,61.33
MANUFAKTURA BANEASA,26.06.2026,22779.01,368,61.9
MANUFAKTURA BANEASA,27.06.2026,27553.93,437,63.05
MANUFAKTURA BANEASA,28.06.2026,21822.76,358,60.96
MANUFAKTURA BANEASA,29.06.2026,15903.28,224,71.0
MANUFAKTURA BANEASA,30.06.2026,16791.66,252,66.63
MANUFAKTURA BANEASA,01.07.2026,17551.47,257,68.29
MANUFAKTURA BANEASA,02.07.2026,18466.74,292,63.24
MANUFAKTURA MILITARI,03.06.2026,14211.49,212,67.04
MANUFAKTURA MILITARI,04.06.2026,14111.62,209,67.52
MANUFAKTURA MILITARI,05.06.2026,18339.99,266,68.95
MANUFAKTURA MILITARI,06.06.2026,18856.51,323,58.38
MANUFAKTURA MILITARI,07.06.2026,15684.03,254,61.75
MANUFAKTURA MILITARI,08.06.2026,11418.5,160,71.37
MANUFAKTURA MILITARI,09.06.2026,12527.03,201,62.32
MANUFAKTURA MILITARI,10.06.2026,13589.43,214,63.5
MANUFAKTURA MILITARI,11.06.2026,14812.51,230,64.4
MANUFAKTURA MILITARI,12.06.2026,16923.96,275,61.54
MANUFAKTURA MILITARI,13.06.2026,19768.39,321,61.58
MANUFAKTURA MILITARI,14.06.2026,16290.66,231,70.52
MANUFAKTURA MILITARI,15.06.2026,11732.4,192,61.11
MANUFAKTURA MILITARI,16.06.2026,12728.9,195,65.28
MANUFAKTURA MILITARI,17.06.2026,12538.27,214,58.59
MANUFAKTURA MILITARI,18.06.2026,13234.91,198,66.84
MANUFAKTURA MILITARI,19.06.2026,18215.59,285,63.91
MANUFAKTURA MILITARI,20.06.2026,18402.32,291,63.24
MANUFAKTURA MILITARI,21.06.2026,17218.26,263,65.47
MANUFAKTURA MILITARI,22.06.2026,12684.82,181,70.08
MANUFAKTURA MILITARI,23.06.2026,11086.13,163,68.01
MANUFAKTURA MILITARI,24.06.2026,13638.34,208,65.57
MANUFAKTURA MILITARI,25.06.2026,13542.98,202,67.04
MANUFAKTURA MILITARI,26.06.2026,16548.3,258,64.14
MANUFAKTURA MILITARI,27.06.2026,19473.02,273,71.33
MANUFAKTURA MILITARI,28.06.2026,16947.17,275,61.63
MANUFAKTURA MILITARI,29.06.2026,11900.98,197,60.41
MANUFAKTURA MILITARI,30.06.2026,12587.44,179,70.32
MANUFAKTURA MILITARI,01.07.2026,12924.7,193,66.97
MANUFAKTURA MILITARI,02.07.2026,14213.58,236,60.23
MANUFAKTURA VITAN,03.06.2026,13296.34,203,65.5
MANUFAKTURA VITAN,04.06.2026,13920.2,213,65.35
MANUFAKTURA VITAN,05.06.2026,15456.97,247,62.58
MANUFAKTURA VITAN,06.06.2026,17227.33,243,70.89
MANUFAKTURA VITAN,07.06.2026,15852.07,228,69.53
MANUFAKTURA VITAN,08.06.2026,10742.24,183,58.7
MANUFAKTURA VITAN,09.06.2026,11532.32,162,71.19
MANUFAKTURA VITAN,10.06.2026,11439.5,177,64.63
MANUFAKTURA VITAN,11.06.2026,11915.91,174,68.48
MANUFAKTURA VITAN,12.06.2026,16308.0,273,59.74
MANUFAKTURA VITAN,13.06.2026,17405.77,265,65.68
MANUFAKTURA VITAN,14.06.2026,13761.43,196,70.21
MANUFAKTURA VITAN,15.06.2026,10318.14,169,61.05
MANUFAKTURA VITAN,16.06.2026,10400.23,152,68.42
MANUFAKTURA VITAN,17.06.2026,10983.3,176,62.41
MANUFAKTURA VITAN,18.06.2026,12793.13,191,66.98
MANUFAKTURA VITAN,19.06.2026,14698.24,225,65.33
MANUFAKTURA VITAN,20.06.2026,15589.06,255,61.13
MANUFAKTURA VITAN,21.06.2026,13101.17,198,66.17
MANUFAKTURA VITAN,22.06.2026,9449.94,155,60.97
MANUFAKTURA VITAN,23.06.2026,9149.33,137,66.78
MANUFAKTURA VITAN,24.06.2026,8816.79,125,70.53
MANUFAKTURA VITAN,25.06.2026,10041.19,170,59.07
MANUFAKTURA VITAN,26.06.2026,11406.69,169,67.5
MANUFAKTURA VITAN,27.06.2026,12614.37,211,59.78
MANUFAKTURA VITAN,28.06.2026,11345.52,172,65.96
MANUFAKTURA VITAN,29.06.2026,7799.95,113,69.03
MANUFAKTURA VITAN,30.06.2026,8089.8,133,60.83
MANUFAKTURA VITAN,01.07.2026,8101.19,127,63.79
MANUFAKTURA VITAN,02.07.2026,8854.74,137,64.63
MANUFAKTURA CLUJ,03.06.2026,10785.14,160,67.41
MANUFAKTURA CLUJ,04.06.2026,11859.02,200,59.3
MANUFAKTURA CLUJ,05.06.2026,13824.44,220,62.84
MANUFAKTURA CLUJ,06.06.2026,16648.42,271,61.43
MANUFAKTURA CLUJ,07.06.2026,12568.72,196,64.13
MANUFAKTURA CLUJ,08.06.2026,9694.19,157,61.75
MANUFAKTURA CLUJ,09.06.2026,9545.18,135,70.71
MANUFAKTURA CLUJ,10.06.2026,11067.45,158,70.05
MANUFAKTURA CLUJ,11.06.2026,11933.14,203,58.78
MANUFAKTURA CLUJ,12.06.2026,15989.46,229,69.82
MANUFAKTURA CLUJ,13.06.2026,17995.68,254,70.85
MANUFAKTURA CLUJ,14.06.2026,14676.64,243,60.4
MANUFAKTURA CLUJ,15.06.2026,10412.34,171,60.89
MANUFAKTURA CLUJ,16.06.2026,10377.79,176,58.96
MANUFAKTURA CLUJ,17.06.2026,11661.56,162,71.98
MANUFAKTURA CLUJ,18.06.2026,12179.15,177,68.81
MANUFAKTURA CLUJ,19.06.2026,15774.15,247,63.86
MANUFAKTURA CLUJ,20.06.2026,19075.54,265,71.98
MANUFAKTURA CLUJ,21.06.2026,14964.41,220,68.02
MANUFAKTURA CLUJ,22.06.2026,10530.48,169,62.31
MANUFAKTURA CLUJ,23.06.2026,11887.53,180,66.04
MANUFAKTURA CLUJ,24.06.2026,12643.08,185,68.34
MANUFAKTURA CLUJ,25.06.2026,12509.73,189,66.19
MANUFAKTURA CLUJ,26.06.2026,16810.15,240,70.04
MANUFAKTURA CLUJ,27.06.2026,18058.83,253,71.38
MANUFAKTURA CLUJ,28.06.2026,14780.33,244,60.58
MANUFAKTURA CLUJ,29.06.2026,11852.8,176,67.35
MANUFAKTURA CLUJ,30.06.2026,11350.47,190,59.74
MANUFAKTURA CLUJ,01.07.2026,14000.46,228,61.41
MANUFAKTURA CLUJ,02.07.2026,14266.32,214,66.67
MANUFAKTURA TIMISOARA,03.06.2026,14558.48,220,66.17
MANUFAKTURA TIMISOARA,04.06.2026,15554.8,219,71.03
MANUFAKTURA TIMISOARA,05.06.2026,18585.61,273,68.08
MANUFAKTURA TIMISOARA,06.06.2026,20927.75,329,63.61
MANUFAKTURA TIMISOARA,07.06.2026,18278.63,294,62.17
MANUFAKTURA TIMISOARA,08.06.2026,12858.07,188,68.39
MANUFAKTURA TIMISOARA,09.06.2026,12412.18,193,64.31
MANUFAKTURA TIMISOARA,10.06.2026,15790.59,219,72.1
MANUFAKTURA TIMISOARA,11.06.2026,14614.18,240,60.89
MANUFAKTURA TIMISOARA,12.06.2026,18796.26,264,71.2
MANUFAKTURA TIMISOARA,13.06.2026,22935.88,326,70.36
MANUFAKTURA TIMISOARA,14.06.2026,17565.78,292,60.16
MANUFAKTURA TIMISOARA,15.06.2026,13847.66,204,67.88
MANUFAKTURA TIMISOARA,16.06.2026,13440.97,187,71.88
MANUFAKTURA TIMISOARA,17.06.2026,15115.04,260,58.13
MANUFAKTURA TIMISOARA,18.06.2026,16271.85,262,62.11
MANUFAKTURA TIMISOARA,19.06.2026,19927.53,280,71.17
MANUFAKTURA TIMISOARA,20.06.2026,20709.67,347,59.68
MANUFAKTURA TIMISOARA,21.06.2026,16948.91,258,65.69
MANUFAKTURA TIMISOARA,22.06.2026,12838.66,193,66.52
MANUFAKTURA TIMISOARA,23.06.2026,13670.02,225,60.76
MANUFAKTURA TIMISOARA,24.06.2026,15110.36,245,61.67
MANUFAKTURA TIMISOARA,25.06.2026,15592.51,221,70.55
MANUFAKTURA TIMISOARA,26.06.2026,20474.92,345,59.35
MANUFAKTURA TIMISOARA,27.06.2026,21645.49,350,61.84
MANUFAKTURA TIMISOARA,28.06.2026,16729.08,243,68.84
MANUFAKTURA TIMISOARA,29.06.2026,13548.29,220,61.58
MANUFAKTURA TIMISOARA,30.06.2026,13746.76,209,65.77
MANUFAKTURA TIMISOARA,01.07.2026,14716.66,253,58.17
MANUFAKTURA TIMISOARA,02.07.2026,14724.06,209,70.45
